{
  "main": {
    "id": "37cb32b598260a42",
    "type": "split",
    "children": [
      {
        "id": "59354d6eb03d210e",
        "type": "tabs",
        "children": [
          {
            "id": "f15b417cd7421c55",
            "type": "leaf",
            "state": {
              "type": "markdown",
              "state": {
                "file": "Exam Tutorial/1. Template Code for Problem.md",
                "mode": "preview",
                "backlinks": false,
                "source": true
              }
            }
          }
        ]
      }
    ],
    "direction": "vertical"
  },
  "left": {
    "id": "27a090eafe75e0b3",
    "type": "split",
    "children": [
      {
        "id": "f3116d400397bcd8",
        "type": "tabs",
        "children": [
          {
            "id": "d5a80f4d32e06db2",
            "type": "leaf",
            "state": {
              "type": "file-explorer",
              "state": {
                "sortOrder": "alphabetical"
              }
            }
          },
          {
            "id": "0ed1a107b1dbdc24",
            "type": "leaf",
            "state": {
              "type": "search",
              "state": {
                "query": "",
                "matchingCase": false,
                "explainSearch": false,
                "collapseAll": false,
                "extraContext": false,
                "sortOrder": "alphabetical"
              }
            }
          }
        ],
        "currentTab": 1
      }
    ],
    "direction": "horizontal",
    "width": 302
  },
  "right": {
    "id": "da1b9f8564dd3b8e",
    "type": "split",
    "children": [
      {
        "id": "33ee2e3c6e4b34d5",
        "type": "tabs",
        "children": [
          {
            "id": "82fe5a8a329f8d07",
            "type": "leaf",
            "state": {
              "type": "backlink",
              "state": {
                "file": "Exam Tutorial/1. Template Code for Problem.md",
                "collapseAll": false,
                "extraContext": true,
                "sortOrder": "alphabetical",
                "showSearch": true,
                "searchQuery": "",
                "backlinkCollapsed": false,
                "unlinkedCollapsed": true
              }
            }
          },
          {
            "id": "080dcd062a4dbcc6",
            "type": "leaf",
            "state": {
              "type": "advanced-tables-toolbar",
              "state": {}
            }
          },
          {
            "id": "2b018e289d06822b",
            "type": "leaf",
            "state": {
              "type": "outline",
              "state": {
                "file": "Exam Tutorial/1. Template Code for Problem.md"
              }
            }
          }
        ],
        "currentTab": 1
      }
    ],
    "direction": "horizontal",
    "width": 199,
    "collapsed": true
  },
  "ribbon": {
    "mostRecentAction": ""
  },
  "active": "f15b417cd7421c55",
  "lastOpenFiles": [
    "Untitled.md",
    "Excalidraw/Drawing 2022-10-18 13.16.53.excalidraw.md",
    "Home.md",
    "Exam Tutorial/1. Template Code for Problem.md",
    "Exam Tutorial/Code/LST_NL_Combined.md",
    "Exam Tutorial/Code/LST_NL_Equation.md",
    "Exam Tutorial/Code/LST_NL_Level.md",
    "Lecture Notes/AAA/Overview of Quality Assessment.md",
    "Lecture Notes/Probability World/Distribution/Cai Distribution.md",
    "Lecture Notes/Formula/Least Square/LST.md"
  ]
}